"FullName","CreationTime","Length"
"E:\lion_stuff\Da Projects\SLF_Requisition_Form\.github","5/29/2026 2:21:19 PM",
"E:\lion_stuff\Da Projects\SLF_Requisition_Form\.vscode","5/21/2026 1:40:07 PM",
"E:\lion_stuff\Da Projects\SLF_Requisition_Form\lib","5/29/2026 4:02:56 PM",
"E:\lion_stuff\Da Projects\SLF_Requisition_Form\MyFirstJSP","5/29/2026 4:18:40 PM",
"E:\lion_stuff\Da Projects\SLF_Requisition_Form\rust","5/29/2026 4:02:28 PM",
"E:\lion_stuff\Da Projects\SLF_Requisition_Form\sql","5/29/2026 4:02:41 PM",
"E:\lion_stuff\Da Projects\SLF_Requisition_Form\src","5/29/2026 3:47:49 PM",
"E:\lion_stuff\Da Projects\SLF_Requisition_Form\target","5/29/2026 4:17:59 PM",
"E:\lion_stuff\Da Projects\SLF_Requisition_Form\.gitignore","5/21/2026 1:44:05 PM","64"
"E:\lion_stuff\Da Projects\SLF_Requisition_Form\structure.csv","5/29/2026 3:59:40 PM","0"
"E:\lion_stuff\Da Projects\SLF_Requisition_Form\.github\java-upgrade","5/29/2026 2:21:19 PM",
"E:\lion_stuff\Da Projects\SLF_Requisition_Form\.github\java-upgrade\hooks","5/29/2026 2:36:31 PM",
"E:\lion_stuff\Da Projects\SLF_Requisition_Form\.github\java-upgrade\.gitignore","5/29/2026 2:21:19 PM","23"
"E:\lion_stuff\Da Projects\SLF_Requisition_Form\.github\java-upgrade\hooks\scripts","5/29/2026 2:36:31 PM",
"E:\lion_stuff\Da Projects\SLF_Requisition_Form\.github\java-upgrade\hooks\scripts\recordToolUse.ps1","5/29/2026 2:36:31 PM","702"
"E:\lion_stuff\Da Projects\SLF_Requisition_Form\.github\java-upgrade\hooks\scripts\recordToolUse.sh","5/29/2026 2:36:31 PM","625"
"E:\lion_stuff\Da Projects\SLF_Requisition_Form\.vscode\settings.json","5/21/2026 3:23:04 PM","68"
"E:\lion_stuff\Da Projects\SLF_Requisition_Form\lib\rust_captcha.dll","5/29/2026 3:58:33 PM","122368"
"E:\lion_stuff\Da Projects\SLF_Requisition_Form\MyFirstJSP\src","5/29/2026 4:18:40 PM",
"E:\lion_stuff\Da Projects\SLF_Requisition_Form\MyFirstJSP\target","5/29/2026 4:18:41 PM",
"E:\lion_stuff\Da Projects\SLF_Requisition_Form\MyFirstJSP\pom.xml","5/29/2026 4:18:40 PM","2120"
"E:\lion_stuff\Da Projects\SLF_Requisition_Form\MyFirstJSP\src\main","5/29/2026 4:18:40 PM",
"E:\lion_stuff\Da Projects\SLF_Requisition_Form\MyFirstJSP\src\test","5/29/2026 4:18:40 PM",
"E:\lion_stuff\Da Projects\SLF_Requisition_Form\MyFirstJSP\src\main\java","5/29/2026 4:18:40 PM",
"E:\lion_stuff\Da Projects\SLF_Requisition_Form\MyFirstJSP\src\main\webapp","5/29/2026 4:18:40 PM",
"E:\lion_stuff\Da Projects\SLF_Requisition_Form\MyFirstJSP\src\main\java\com","5/29/2026 4:18:40 PM",
"E:\lion_stuff\Da Projects\SLF_Requisition_Form\MyFirstJSP\src\main\java\com\slf","5/29/2026 4:18:40 PM",
"E:\lion_stuff\Da Projects\SLF_Requisition_Form\MyFirstJSP\src\main\java\com\slf\controller","5/29/2026 4:18:40 PM",
"E:\lion_stuff\Da Projects\SLF_Requisition_Form\MyFirstJSP\src\main\java\com\slf\security","5/29/2026 4:18:40 PM",
"E:\lion_stuff\Da Projects\SLF_Requisition_Form\MyFirstJSP\src\main\java\com\slf\controller\LoginProcessorServlet.java","5/29/2026 4:18:40 PM","4071"
"E:\lion_stuff\Da Projects\SLF_Requisition_Form\MyFirstJSP\src\main\java\com\slf\security\LoginAttemptService.java","5/29/2026 4:18:40 PM","2773"
"E:\lion_stuff\Da Projects\SLF_Requisition_Form\MyFirstJSP\src\main\webapp\images","5/29/2026 4:18:40 PM",
"E:\lion_stuff\Da Projects\SLF_Requisition_Form\MyFirstJSP\src\main\webapp\index.jsp","5/29/2026 4:18:40 PM","11026"
"E:\lion_stuff\Da Projects\SLF_Requisition_Form\MyFirstJSP\src\main\webapp\login.jsp","5/29/2026 4:18:40 PM","13906"
"E:\lion_stuff\Da Projects\SLF_Requisition_Form\MyFirstJSP\src\main\webapp\images\Turklander.png","5/29/2026 4:18:40 PM","29370"
"E:\lion_stuff\Da Projects\SLF_Requisition_Form\MyFirstJSP\src\test\java","5/29/2026 4:18:40 PM",
"E:\lion_stuff\Da Projects\SLF_Requisition_Form\MyFirstJSP\src\test\java\com","5/29/2026 4:18:40 PM",
"E:\lion_stuff\Da Projects\SLF_Requisition_Form\MyFirstJSP\src\test\java\com\slf","5/29/2026 4:18:40 PM",
"E:\lion_stuff\Da Projects\SLF_Requisition_Form\MyFirstJSP\src\test\java\com\slf\controller","5/29/2026 4:18:40 PM",
"E:\lion_stuff\Da Projects\SLF_Requisition_Form\MyFirstJSP\src\test\java\com\slf\security","5/29/2026 4:18:40 PM",
"E:\lion_stuff\Da Projects\SLF_Requisition_Form\MyFirstJSP\src\test\java\com\slf\webapp","5/29/2026 4:18:40 PM",
"E:\lion_stuff\Da Projects\SLF_Requisition_Form\MyFirstJSP\src\test\java\com\slf\controller\LoginProcessorServletTest.java","5/29/2026 4:18:40 PM","1471"
"E:\lion_stuff\Da Projects\SLF_Requisition_Form\MyFirstJSP\src\test\java\com\slf\security\LoginAttemptServiceTest.java","5/29/2026 4:18:40 PM","965"
"E:\lion_stuff\Da Projects\SLF_Requisition_Form\MyFirstJSP\src\test\java\com\slf\webapp\LoginCustomCaptchaPageTest.java","5/29/2026 4:18:40 PM","870"
"E:\lion_stuff\Da Projects\SLF_Requisition_Form\MyFirstJSP\target\classes","5/29/2026 4:18:41 PM",
"E:\lion_stuff\Da Projects\SLF_Requisition_Form\MyFirstJSP\target\test-classes","5/29/2026 4:18:41 PM",
"E:\lion_stuff\Da Projects\SLF_Requisition_Form\MyFirstJSP\target\classes\com","5/29/2026 4:18:43 PM",
"E:\lion_stuff\Da Projects\SLF_Requisition_Form\MyFirstJSP\target\classes\com\slf","5/29/2026 4:18:43 PM",
"E:\lion_stuff\Da Projects\SLF_Requisition_Form\MyFirstJSP\target\classes\com\slf\controller","5/29/2026 4:18:43 PM",
"E:\lion_stuff\Da Projects\SLF_Requisition_Form\MyFirstJSP\target\classes\com\slf\security","5/29/2026 4:18:43 PM",
"E:\lion_stuff\Da Projects\SLF_Requisition_Form\MyFirstJSP\target\classes\com\slf\controller\LoginProcessorServlet.class","5/29/2026 4:18:43 PM","2052"
"E:\lion_stuff\Da Projects\SLF_Requisition_Form\MyFirstJSP\target\classes\com\slf\security\LoginAttemptService$AttemptState.class","5/29/2026 4:18:43 PM","617"
"E:\lion_stuff\Da Projects\SLF_Requisition_Form\MyFirstJSP\target\classes\com\slf\security\LoginAttemptService.class","5/29/2026 4:18:43 PM","3553"
"E:\lion_stuff\Da Projects\SLF_Requisition_Form\MyFirstJSP\target\test-classes\com","5/29/2026 4:18:43 PM",
"E:\lion_stuff\Da Projects\SLF_Requisition_Form\MyFirstJSP\target\test-classes\com\slf","5/29/2026 4:18:43 PM",
"E:\lion_stuff\Da Projects\SLF_Requisition_Form\MyFirstJSP\target\test-classes\com\slf\controller","5/29/2026 4:18:43 PM",
"E:\lion_stuff\Da Projects\SLF_Requisition_Form\MyFirstJSP\target\test-classes\com\slf\security","5/29/2026 4:18:43 PM",
"E:\lion_stuff\Da Projects\SLF_Requisition_Form\MyFirstJSP\target\test-classes\com\slf\webapp","5/29/2026 4:18:43 PM",
"E:\lion_stuff\Da Projects\SLF_Requisition_Form\MyFirstJSP\target\test-classes\com\slf\controller\LoginProcessorServletTest.class","5/29/2026 4:18:43 PM","1818"
"E:\lion_stuff\Da Projects\SLF_Requisition_Form\MyFirstJSP\target\test-classes\com\slf\security\LoginAttemptServiceTest.class","5/29/2026 4:18:43 PM","1039"
"E:\lion_stuff\Da Projects\SLF_Requisition_Form\MyFirstJSP\target\test-classes\com\slf\webapp\LoginCustomCaptchaPageTest.class","5/29/2026 4:18:43 PM","1263"
"E:\lion_stuff\Da Projects\SLF_Requisition_Form\rust\captcha-lib","5/29/2026 3:47:49 PM",
"E:\lion_stuff\Da Projects\SLF_Requisition_Form\rust\captcha-service","5/29/2026 2:36:31 PM",
"E:\lion_stuff\Da Projects\SLF_Requisition_Form\rust\captcha-lib\src","5/29/2026 3:47:49 PM",
"E:\lion_stuff\Da Projects\SLF_Requisition_Form\rust\captcha-lib\Cargo.lock","5/29/2026 3:47:49 PM","13438"
"E:\lion_stuff\Da Projects\SLF_Requisition_Form\rust\captcha-lib\Cargo.toml","5/29/2026 3:47:49 PM","210"
"E:\lion_stuff\Da Projects\SLF_Requisition_Form\rust\captcha-lib\src\lib.rs","5/29/2026 3:47:49 PM","1909"
"E:\lion_stuff\Da Projects\SLF_Requisition_Form\rust\captcha-service\src","5/29/2026 2:36:31 PM",
"E:\lion_stuff\Da Projects\SLF_Requisition_Form\sql\2026-05-25_member_management.sql","5/29/2026 3:47:49 PM","286"
"E:\lion_stuff\Da Projects\SLF_Requisition_Form\src\main","5/29/2026 3:47:49 PM",
"E:\lion_stuff\Da Projects\SLF_Requisition_Form\src\test","5/29/2026 3:47:49 PM",
"E:\lion_stuff\Da Projects\SLF_Requisition_Form\src\main\java","5/29/2026 3:47:49 PM",
"E:\lion_stuff\Da Projects\SLF_Requisition_Form\src\main\java\com","5/29/2026 3:47:49 PM",
"E:\lion_stuff\Da Projects\SLF_Requisition_Form\src\main\java\com\example","5/29/2026 3:54:56 PM",
"E:\lion_stuff\Da Projects\SLF_Requisition_Form\src\main\java\com\slf","5/29/2026 3:47:49 PM",
"E:\lion_stuff\Da Projects\SLF_Requisition_Form\src\main\java\com\example\crypto","5/29/2026 3:54:56 PM",
"E:\lion_stuff\Da Projects\SLF_Requisition_Form\src\main\java\com\slf\security","5/29/2026 3:54:56 PM",
"E:\lion_stuff\Da Projects\SLF_Requisition_Form\src\test\java","5/29/2026 3:47:49 PM",
"E:\lion_stuff\Da Projects\SLF_Requisition_Form\src\test\java\com","5/29/2026 3:47:49 PM",
"E:\lion_stuff\Da Projects\SLF_Requisition_Form\src\test\java\com\slf","5/29/2026 3:47:49 PM",
"E:\lion_stuff\Da Projects\SLF_Requisition_Form\src\test\java\com\slf\security","5/29/2026 3:54:56 PM",
"E:\lion_stuff\Da Projects\SLF_Requisition_Form\target\generated-sources","5/29/2026 4:17:59 PM",
"E:\lion_stuff\Da Projects\SLF_Requisition_Form\target\generated-test-sources","5/29/2026 4:17:59 PM",
"E:\lion_stuff\Da Projects\SLF_Requisition_Form\target\maven-archiver","5/29/2026 4:18:00 PM",
"E:\lion_stuff\Da Projects\SLF_Requisition_Form\target\maven-status","5/29/2026 4:17:59 PM",
"E:\lion_stuff\Da Projects\SLF_Requisition_Form\target\MyFirstJSP","5/29/2026 4:17:59 PM",
"E:\lion_stuff\Da Projects\SLF_Requisition_Form\target\MyFirstJSP.war","5/29/2026 4:18:00 PM","10818779"
"E:\lion_stuff\Da Projects\SLF_Requisition_Form\target\generated-sources\annotations","5/29/2026 4:17:59 PM",
"E:\lion_stuff\Da Projects\SLF_Requisition_Form\target\generated-test-sources\test-annotations","5/29/2026 4:17:59 PM",
"E:\lion_stuff\Da Projects\SLF_Requisition_Form\target\maven-archiver\pom.properties","5/29/2026 4:18:00 PM","66"
"E:\lion_stuff\Da Projects\SLF_Requisition_Form\target\maven-status\maven-compiler-plugin","5/29/2026 4:17:59 PM",
"E:\lion_stuff\Da Projects\SLF_Requisition_Form\target\maven-status\maven-compiler-plugin\compile","5/29/2026 4:17:59 PM",
"E:\lion_stuff\Da Projects\SLF_Requisition_Form\target\maven-status\maven-compiler-plugin\testCompile","5/29/2026 4:17:59 PM",
"E:\lion_stuff\Da Projects\SLF_Requisition_Form\target\maven-status\maven-compiler-plugin\compile\default-compile","5/29/2026 4:17:59 PM",
"E:\lion_stuff\Da Projects\SLF_Requisition_Form\target\maven-status\maven-compiler-plugin\compile\default-compile\inputFiles.lst","5/29/2026 4:17:59 PM","0"
"E:\lion_stuff\Da Projects\SLF_Requisition_Form\target\maven-status\maven-compiler-plugin\testCompile\default-testCompile","5/29/2026 4:17:59 PM",
"E:\lion_stuff\Da Projects\SLF_Requisition_Form\target\maven-status\maven-compiler-plugin\testCompile\default-testCompile\inputFiles.lst","5/29/2026 4:17:59 PM","0"
"E:\lion_stuff\Da Projects\SLF_Requisition_Form\target\MyFirstJSP\META-INF","5/29/2026 4:17:59 PM",
"E:\lion_stuff\Da Projects\SLF_Requisition_Form\target\MyFirstJSP\WEB-INF","5/29/2026 4:17:59 PM",
"E:\lion_stuff\Da Projects\SLF_Requisition_Form\target\MyFirstJSP\WEB-INF\classes","5/29/2026 4:17:59 PM",
"E:\lion_stuff\Da Projects\SLF_Requisition_Form\target\MyFirstJSP\WEB-INF\lib","5/29/2026 4:17:59 PM",
"E:\lion_stuff\Da Projects\SLF_Requisition_Form\target\MyFirstJSP\WEB-INF\lib\flying-saucer-core-9.1.22.jar","5/29/2026 4:17:59 PM","1250973"
"E:\lion_stuff\Da Projects\SLF_Requisition_Form\target\MyFirstJSP\WEB-INF\lib\flying-saucer-pdf-openpdf-9.1.22.jar","5/29/2026 4:17:59 PM","154030"
"E:\lion_stuff\Da Projects\SLF_Requisition_Form\target\MyFirstJSP\WEB-INF\lib\HikariCP-5.1.0.jar","5/29/2026 4:17:59 PM","161840"
"E:\lion_stuff\Da Projects\SLF_Requisition_Form\target\MyFirstJSP\WEB-INF\lib\jackson-annotations-2.17.2.jar","5/29/2026 4:17:59 PM","78492"
"E:\lion_stuff\Da Projects\SLF_Requisition_Form\target\MyFirstJSP\WEB-INF\lib\jackson-core-2.17.2.jar","5/29/2026 4:17:59 PM","581927"
"E:\lion_stuff\Da Projects\SLF_Requisition_Form\target\MyFirstJSP\WEB-INF\lib\jackson-databind-2.17.2.jar","5/29/2026 4:17:59 PM","1649454"
"E:\lion_stuff\Da Projects\SLF_Requisition_Form\target\MyFirstJSP\WEB-INF\lib\jbcrypt-0.4.jar","5/29/2026 4:17:59 PM","17429"
"E:\lion_stuff\Da Projects\SLF_Requisition_Form\target\MyFirstJSP\WEB-INF\lib\jstl-1.2.jar","5/29/2026 4:17:59 PM","414240"
"E:\lion_stuff\Da Projects\SLF_Requisition_Form\target\MyFirstJSP\WEB-INF\lib\ojdbc8-21.9.0.0.jar","5/29/2026 4:17:59 PM","5096981"
"E:\lion_stuff\Da Projects\SLF_Requisition_Form\target\MyFirstJSP\WEB-INF\lib\openpdf-1.3.43.jar","5/29/2026 4:17:59 PM","2150122"
"E:\lion_stuff\Da Projects\SLF_Requisition_Form\target\MyFirstJSP\WEB-INF\lib\slf4j-api-1.7.36.jar","5/29/2026 4:17:59 PM","41125"
